id,alias,name,image_url,is_closed,url,review_count,categories,rating,coordinates,transactions,price,location,phone,display_phone,distance
_ZC_Zvq5DqaPVXIqFzPkBQ,le-colonial-san-francisco,Le Colonial,https://s3-media2.fl.yelpcdn.com/bphoto/qsAyR-gc4FpqWAe6jW3cQQ/o.jpg,False,https://www.yelp.com/biz/le-colonial-san-francisco?adjust_creative=oF0wYNbUon_I50ZE1mafbg&utm_campaign=yelp_api_v3&utm_medium=api_v3_business_search&utm_source=oF0wYNbUon_I50ZE1mafbg,1631,"[{'alias': 'vietnamese', 'title': 'Vietnamese'}, {'alias': 'venues', 'title': 'Venues & Event Spaces'}, {'alias': 'french', 'title': 'French'}]",3.5,"{'latitude': 37.78839, 'longitude': -122.41236}","['delivery', 'pickup']",$$$,"{'address1': '20 Cosmo Pl', 'address2': '', 'address3': '', 'city': 'San Francisco', 'zip_code': '94109', 'country': 'US', 'state': 'CA', 'display_address': ['20 Cosmo Pl', 'San Francisco, CA 94109']}",+14159313600,(415) 931-3600,3701.0596429770994
KH_Tpzy29VRGIrtVhNFY2w,escape-from-new-york-pizza-san-francisco-3,Escape From New York Pizza,https://s3-media2.fl.yelpcdn.com/bphoto/ZHziQtdBkRuuV3zncw63Ng/o.jpg,False,https://www.yelp.com/biz/escape-from-new-york-pizza-san-francisco-3?adjust_creative=oF0wYNbUon_I50ZE1mafbg&utm_campaign=yelp_api_v3&utm_medium=api_v3_business_search&utm_source=oF0wYNbUon_I50ZE1mafbg,1085,"[{'alias': 'pizza', 'title': 'Pizza'}, {'alias': 'gluten_free', 'title': 'Gluten-Free'}, {'alias': 'chicken_wings', 'title': 'Chicken Wings'}]",4.0,"{'latitude': 37.7694456, 'longitude': -122.4512722}","['delivery', 'pickup']",$,"{'address1': '1737 Haight St', 'address2': '', 'address3': '', 'city': 'San Francisco', 'zip_code': '94117', 'country': 'US', 'state': 'CA', 'display_address': ['1737 Haight St', 'San Francisco, CA 94117']}",+14156685577,(415) 668-5577,1612.850067388551
BRz0ocqDzNlGS-AG1IpXtA,pabu-san-francisco,Pabu,https://s3-media1.fl.yelpcdn.com/bphoto/O14ADiG0PZcm45807RLQfg/o.jpg,False,https://www.yelp.com/biz/pabu-san-francisco?adjust_creative=oF0wYNbUon_I50ZE1mafbg&utm_campaign=yelp_api_v3&utm_medium=api_v3_business_search&utm_source=oF0wYNbUon_I50ZE1mafbg,888,"[{'alias': 'japanese', 'title': 'Japanese'}, {'alias': 'sushi', 'title': 'Sushi Bars'}, {'alias': 'cocktailbars', 'title': 'Cocktail Bars'}]",4.0,"{'latitude': 37.7931261046321, 'longitude': -122.398542836308}",[],$$$,"{'address1': '101 California St', 'address2': None, 'address3': '', 'city': 'San Francisco', 'zip_code': '94111', 'country': 'US', 'state': 'CA', 'display_address': ['101 California St', 'San Francisco, CA 94111']}",+14156687228,(415) 668-7228,4892.74635207784
7iuGZ73QExZmZuzH9pgiJg,johnny-foleys-san-francisco,Johnny Foley's,https://s3-media1.fl.yelpcdn.com/bphoto/DEU1OGS_F_gvQMkvMmS_zA/o.jpg,False,https://www.yelp.com/biz/johnny-foleys-san-francisco?adjust_creative=oF0wYNbUon_I50ZE1mafbg&utm_campaign=yelp_api_v3&utm_medium=api_v3_business_search&utm_source=oF0wYNbUon_I50ZE1mafbg,1265,"[{'alias': 'irish', 'title': 'Irish'}, {'alias': 'irish_pubs', 'title': 'Irish Pub'}]",4.0,"{'latitude': 37.78608, 'longitude': -122.40865}",[],$$,"{'address1': ""243 O'Farrell St"", 'address2': '', 'address3': '', 'city': 'San Francisco', 'zip_code': '94102', 'country': 'US', 'state': 'CA', 'display_address': [""243 O'Farrell St"", 'San Francisco, CA 94102']}",+14159540777,(415) 954-0777,3705.1362547523117
BahDyzswTsdaSa8jnOaK-A,crustacean-san-francisco,Crustacean,https://s3-media2.fl.yelpcdn.com/bphoto/V7db3iMlXbNLCCBgEVyJ4Q/o.jpg,False,https://www.yelp.com/biz/crustacean-san-francisco?adjust_creative=oF0wYNbUon_I50ZE1mafbg&utm_campaign=yelp_api_v3&utm_medium=api_v3_business_search&utm_source=oF0wYNbUon_I50ZE1mafbg,1511,"[{'alias': 'asianfusion', 'title': 'Asian Fusion'}, {'alias': 'vietnamese', 'title': 'Vietnamese'}]",3.5,"{'latitude': 37.7903, 'longitude': -122.420918}",['restaurant_reservation'],$$$,"{'address1': '1475 Polk St', 'address2': '', 'address3': '', 'city': 'San Francisco', 'zip_code': '94109', 'country': 'US', 'state': 'CA', 'display_address': ['1475 Polk St', 'San Francisco, CA 94109']}",+14157762722,(415) 776-2722,3542.665041491017
sW7WYYrHEvR8yEYxautAgQ,mission-chinese-food-san-francisco-4,Mission Chinese Food,https://s3-media2.fl.yelpcdn.com/bphoto/TChtlZL8WzHLSHobH0ol0A/o.jpg,False,https://www.yelp.com/biz/mission-chinese-food-san-francisco-4?adjust_creative=oF0wYNbUon_I50ZE1mafbg&utm_campaign=yelp_api_v3&utm_medium=api_v3_business_search&utm_source=oF0wYNbUon_I50ZE1mafbg,2305,"[{'alias': 'chinese', 'title': 'Chinese'}]",3.5,"{'latitude': 37.76119, 'longitude': -122.41949}","['delivery', 'pickup']",$$,"{'address1': '2234 Mission St', 'address2': '', 'address3': 'Lung Shan Restaurant', 'city': 'San Francisco', 'zip_code': '94110', 'country': 'US', 'state': 'CA', 'display_address': ['2234 Mission St', 'Lung Shan Restaurant', 'San Francisco, CA 94110']}",+14158632800,(415) 863-2800,1478.9122965985753
GoIbbBYDyr8W46YmxJct-g,sons-and-daughters-san-francisco,Sons & Daughters,https://s3-media3.fl.yelpcdn.com/bphoto/EwuvEbw9UMkqmlnJSP_oZQ/o.jpg,False,https://www.yelp.com/biz/sons-and-daughters-san-francisco?adjust_creative=oF0wYNbUon_I50ZE1mafbg&utm_campaign=yelp_api_v3&utm_medium=api_v3_business_search&utm_source=oF0wYNbUon_I50ZE1mafbg,671,"[{'alias': 'newamerican', 'title': 'American (New)'}]",4.0,"{'latitude': 37.7902634, 'longitude': -122.4090557}",[],$$$$,"{'address1': '708 Bush St', 'address2': '', 'address3': '', 'city': 'San Francisco', 'zip_code': '94108', 'country': 'US', 'state': 'CA', 'display_address': ['708 Bush St', 'San Francisco, CA 94108']}",+14153918311,(415) 391-8311,4055.263717678665
Fo5Wscbb9rwcLuaO-sc2zQ,delicious-dim-sum-san-francisco,Delicious Dim Sum,https://s3-media2.fl.yelpcdn.com/bphoto/GLbV3ywlJj8WbiIUaYcE8A/o.jpg,False,https://www.yelp.com/biz/delicious-dim-sum-san-francisco?adjust_creative=oF0wYNbUon_I50ZE1mafbg&utm_campaign=yelp_api_v3&utm_medium=api_v3_business_search&utm_source=oF0wYNbUon_I50ZE1mafbg,929,"[{'alias': 'dimsum', 'title': 'Dim Sum'}, {'alias': 'cantonese', 'title': 'Cantonese'}]",4.0,"{'latitude': 37.796051, 'longitude': -122.4076004}",[],$,"{'address1': '752 Jackson St', 'address2': '', 'address3': '', 'city': 'San Francisco', 'zip_code': '94133', 'country': 'US', 'state': 'CA', 'display_address': ['752 Jackson St', 'San Francisco, CA 94133']}",+14157810721,(415) 781-0721,4662.616211534053
USbpXRK2pFey0V24QcgXsQ,kiss-seafood-san-francisco,Kiss Seafood,https://s3-media2.fl.yelpcdn.com/bphoto/_mwwgInnSbHpamZfiKFLmQ/o.jpg,False,https://www.yelp.com/biz/kiss-seafood-san-francisco?adjust_creative=oF0wYNbUon_I50ZE1mafbg&utm_campaign=yelp_api_v3&utm_medium=api_v3_business_search&utm_source=oF0wYNbUon_I50ZE1mafbg,539,"[{'alias': 'japanese', 'title': 'Japanese'}, {'alias': 'sushi', 'title': 'Sushi Bars'}, {'alias': 'seafood', 'title': 'Seafood'}]",4.0,"{'latitude': 37.7868853571262, 'longitude': -122.428210058861}",[],$$$$,"{'address1': '1700 Laguna St', 'address2': '', 'address3': '', 'city': 'San Francisco', 'zip_code': '94115', 'country': 'US', 'state': 'CA', 'display_address': ['1700 Laguna St', 'San Francisco, CA 94115']}",+14154742866,(415) 474-2866,2978.8213509612774
f6G4fFuwx_hQOMxvZPmqjw,wayo-sushi-san-francisco,Wayo Sushi,https://s3-media2.fl.yelpcdn.com/bphoto/E2IU9IUXTJA-wLAxKn0z1w/o.jpg,False,https://www.yelp.com/biz/wayo-sushi-san-francisco?adjust_creative=oF0wYNbUon_I50ZE1mafbg&utm_campaign=yelp_api_v3&utm_medium=api_v3_business_search&utm_source=oF0wYNbUon_I50ZE1mafbg,683,"[{'alias': 'sushi', 'title': 'Sushi Bars'}, {'alias': 'japanese', 'title': 'Japanese'}]",4.0,"{'latitude': 37.788708, 'longitude': -122.422174}",[],$$,"{'address1': '1407 Van Ness Ave', 'address2': '', 'address3': '', 'city': 'San Francisco', 'zip_code': '94109', 'country': 'US', 'state': 'CA', 'display_address': ['1407 Van Ness Ave', 'San Francisco, CA 94109']}",+14154748369,(415) 474-8369,3336.9535510162386
AY4TKscmUlARMpZj0rKj2Q,catheads-bbq-san-francisco,CatHead's BBQ,https://s3-media3.fl.yelpcdn.com/bphoto/YeW8cFnC_gc4szm9C-8Q1A/o.jpg,False,https://www.yelp.com/biz/catheads-bbq-san-francisco?adjust_creative=oF0wYNbUon_I50ZE1mafbg&utm_campaign=yelp_api_v3&utm_medium=api_v3_business_search&utm_source=oF0wYNbUon_I50ZE1mafbg,896,"[{'alias': 'bbq', 'title': 'Barbeque'}, {'alias': 'desserts', 'title': 'Desserts'}, {'alias': 'sandwiches', 'title': 'Sandwiches'}]",4.0,"{'latitude': 37.7700691223145, 'longitude': -122.415138244629}","['delivery', 'pickup']",$$,"{'address1': '1665 Folsom St', 'address2': '', 'address3': '', 'city': 'San Francisco', 'zip_code': '94103', 'country': 'US', 'state': 'CA', 'display_address': ['1665 Folsom St', 'San Francisco, CA 94103']}",+14158614242,(415) 861-4242,2128.5947493839712
j5vMS1_MuSm09STC8aHzYg,caffe-macaroni-san-francisco-4,Caffe Macaroni,https://s3-media2.fl.yelpcdn.com/bphoto/czaIGvCji_KXTjRc70nN4w/o.jpg,False,https://www.yelp.com/biz/caffe-macaroni-san-francisco-4?adjust_creative=oF0wYNbUon_I50ZE1mafbg&utm_campaign=yelp_api_v3&utm_medium=api_v3_business_search&utm_source=oF0wYNbUon_I50ZE1mafbg,543,"[{'alias': 'italian', 'title': 'Italian'}]",4.5,"{'latitude': 37.7961197, 'longitude': -122.4043732}",[],$$,"{'address1': '59 Columbus Ave', 'address2': '', 'address3': '', 'city': 'San Francisco', 'zip_code': '94133', 'country': 'US', 'state': 'CA', 'display_address': ['59 Columbus Ave', 'San Francisco, CA 94133']}",+14159569737,(415) 956-9737,4821.685815165969
bHQzZz8E6PMs5WWXoaVWlQ,thai-time-restaurant-san-francisco,Thai Time Restaurant,https://s3-media2.fl.yelpcdn.com/bphoto/Wr0S6rSeEMhO52dIdtgNxQ/o.jpg,False,https://www.yelp.com/biz/thai-time-restaurant-san-francisco?adjust_creative=oF0wYNbUon_I50ZE1mafbg&utm_campaign=yelp_api_v3&utm_medium=api_v3_business_search&utm_source=oF0wYNbUon_I50ZE1mafbg,823,"[{'alias': 'thai', 'title': 'Thai'}]",4.0,"{'latitude': 37.7824738, 'longitude': -122.466704}","['delivery', 'pickup']",$,"{'address1': '315 8th Ave', 'address2': '', 'address3': '', 'city': 'San Francisco', 'zip_code': '94118', 'country': 'US', 'state': 'CA', 'display_address': ['315 8th Ave', 'San Francisco, CA 94118']}",+14158313663,(415) 831-3663,3588.0372770191357
0COxcLD-42ecMqBYyoUfyQ,lupa-trattoria-san-francisco,Lupa Trattoria,https://s3-media4.fl.yelpcdn.com/bphoto/kFcK4tF0uzPwH8_Y8YO95Q/o.jpg,False,https://www.yelp.com/biz/lupa-trattoria-san-francisco?adjust_creative=oF0wYNbUon_I50ZE1mafbg&utm_campaign=yelp_api_v3&utm_medium=api_v3_business_search&utm_source=oF0wYNbUon_I50ZE1mafbg,623,"[{'alias': 'italian', 'title': 'Italian'}]",4.0,"{'latitude': 37.75102, 'longitude': -122.43452}",[],$$,"{'address1': '4109 24th St', 'address2': '', 'address3': '', 'city': 'San Francisco', 'zip_code': '94114', 'country': 'US', 'state': 'CA', 'display_address': ['4109 24th St', 'San Francisco, CA 94114']}",+14152825872,(415) 282-5872,1104.5226373296064
Ct5GgouaAvcegaaP4gR0EA,el-porteño-empanadas-san-francisco-4,El Porteño Empanadas,https://s3-media2.fl.yelpcdn.com/bphoto/W5u0bhlr2tYt6iwK762KXg/o.jpg,False,https://www.yelp.com/biz/el-porte%C3%B1o-empanadas-san-francisco-4?adjust_creative=oF0wYNbUon_I50ZE1mafbg&utm_campaign=yelp_api_v3&utm_medium=api_v3_business_search&utm_source=oF0wYNbUon_I50ZE1mafbg,721,"[{'alias': 'argentine', 'title': 'Argentine'}, {'alias': 'empanadas', 'title': 'Empanadas'}]",4.0,"{'latitude': 37.795599, 'longitude': -122.39341}",[],$,"{'address1': '1 Ferry Bldg', 'address2': 'Ste 18', 'address3': '', 'city': 'San Francisco', 'zip_code': '94111', 'country': 'US', 'state': 'CA', 'display_address': ['1 Ferry Bldg', 'Ste 18', 'San Francisco, CA 94111']}",+14155134529,(415) 513-4529,5403.143995160843
3LZRfbnx8bCpHWrRDSIF9g,sears-fine-food-san-francisco,Sears Fine Food,https://s3-media2.fl.yelpcdn.com/bphoto/HjngtJpmtIhzC1hJH37PDA/o.jpg,False,https://www.yelp.com/biz/sears-fine-food-san-francisco?adjust_creative=oF0wYNbUon_I50ZE1mafbg&utm_campaign=yelp_api_v3&utm_medium=api_v3_business_search&utm_source=oF0wYNbUon_I50ZE1mafbg,1920,"[{'alias': 'tradamerican', 'title': 'American (Traditional)'}, {'alias': 'breakfast_brunch', 'title': 'Breakfast & Brunch'}, {'alias': 'burgers', 'title': 'Burgers'}]",3.5,"{'latitude': 37.7888416, 'longitude': -122.4086066}","['delivery', 'pickup']",$$,"{'address1': '439 Powell St', 'address2': '', 'address3': '', 'city': 'San Francisco', 'zip_code': '94102', 'country': 'US', 'state': 'CA', 'display_address': ['439 Powell St', 'San Francisco, CA 94102']}",+14159860700,(415) 986-0700,3954.88434612657
tZmiZw49SNRVzF6h1Jfx9g,ben-thai-cafe-san-francisco,Ben Thai Cafe,https://s3-media2.fl.yelpcdn.com/bphoto/BdYusRr5S4MEop5_N_46XQ/o.jpg,False,https://www.yelp.com/biz/ben-thai-cafe-san-francisco?adjust_creative=oF0wYNbUon_I50ZE1mafbg&utm_campaign=yelp_api_v3&utm_medium=api_v3_business_search&utm_source=oF0wYNbUon_I50ZE1mafbg,450,"[{'alias': 'thai', 'title': 'Thai'}]",4.5,"{'latitude': 37.78924, 'longitude': -122.42065}",['pickup'],$$,"{'address1': '1331 Polk St', 'address2': None, 'address3': '', 'city': 'San Francisco', 'zip_code': '94109', 'country': 'US', 'state': 'CA', 'display_address': ['1331 Polk St', 'San Francisco, CA 94109']}",+14157712562,(415) 771-2562,3445.440156205249
czbXSfezN_DK8Ws0vcFqhg,elephant-sushi-san-francisco,Elephant Sushi,https://s3-media2.fl.yelpcdn.com/bphoto/xzk7ZMM4q6ewHNFkeDjsXA/o.jpg,False,https://www.yelp.com/biz/elephant-sushi-san-francisco?adjust_creative=oF0wYNbUon_I50ZE1mafbg&utm_campaign=yelp_api_v3&utm_medium=api_v3_business_search&utm_source=oF0wYNbUon_I50ZE1mafbg,748,"[{'alias': 'sushi', 'title': 'Sushi Bars'}]",4.0,"{'latitude': 37.7986359967903, 'longitude': -122.418817175787}",[],$$,"{'address1': '1916 Hyde St', 'address2': '', 'address3': '', 'city': 'San Francisco', 'zip_code': '94109', 'country': 'US', 'state': 'CA', 'display_address': ['1916 Hyde St', 'San Francisco, CA 94109']}",+14154401905,(415) 440-1905,4473.036820133364
43Ca7h2QxO6so8IvRk91FQ,locanda-san-francisco,Locanda,https://s3-media4.fl.yelpcdn.com/bphoto/9Px_kUjrK8DPVkyuGIodTw/o.jpg,False,https://www.yelp.com/biz/locanda-san-francisco?adjust_creative=oF0wYNbUon_I50ZE1mafbg&utm_campaign=yelp_api_v3&utm_medium=api_v3_business_search&utm_source=oF0wYNbUon_I50ZE1mafbg,979,"[{'alias': 'italian', 'title': 'Italian'}, {'alias': 'bars', 'title': 'Bars'}]",4.0,"{'latitude': 37.76401, 'longitude': -122.4215}",[],$$$,"{'address1': '557 Valencia St', 'address2': '', 'address3': '', 'city': 'San Francisco', 'zip_code': '94110', 'country': 'US', 'state': 'CA', 'display_address': ['557 Valencia St', 'San Francisco, CA 94110']}",+14158636800,(415) 863-6800,1348.286247988797
EbBEbroBw1k_g5Aqokk0rA,bean-bag-cafe-san-francisco,Bean Bag Cafe,https://s3-media4.fl.yelpcdn.com/bphoto/7DMxoXVQQe44BIg2kgxd_g/o.jpg,False,https://www.yelp.com/biz/bean-bag-cafe-san-francisco?adjust_creative=oF0wYNbUon_I50ZE1mafbg&utm_campaign=yelp_api_v3&utm_medium=api_v3_business_search&utm_source=oF0wYNbUon_I50ZE1mafbg,853,"[{'alias': 'coffee', 'title': 'Coffee & Tea'}, {'alias': 'burgers', 'title': 'Burgers'}, {'alias': 'sandwiches', 'title': 'Sandwiches'}]",4.0,"{'latitude': 37.7750101, 'longitude': -122.4378421}",['delivery'],$$,"{'address1': '601 Divisadero St', 'address2': '', 'address3': '', 'city': 'San Francisco', 'zip_code': '94117', 'country': 'US', 'state': 'CA', 'display_address': ['601 Divisadero St', 'San Francisco, CA 94117']}",+14155633634,(415) 563-3634,1573.8213785265477
j7ZO28rAdTVlQdE2zJSSTA,halu-san-francisco,Halu,https://s3-media1.fl.yelpcdn.com/bphoto/aLNEN_7HS_RZz0urOqV5aA/o.jpg,False,https://www.yelp.com/biz/halu-san-francisco?adjust_creative=oF0wYNbUon_I50ZE1mafbg&utm_campaign=yelp_api_v3&utm_medium=api_v3_business_search&utm_source=oF0wYNbUon_I50ZE1mafbg,870,"[{'alias': 'tapas', 'title': 'Tapas Bars'}, {'alias': 'izakaya', 'title': 'Izakaya'}]",4.0,"{'latitude': 37.78261, 'longitude': -122.46635}",['pickup'],$$,"{'address1': '312 8th Ave', 'address2': '', 'address3': '', 'city': 'San Francisco', 'zip_code': '94118', 'country': 'US', 'state': 'CA', 'display_address': ['312 8th Ave', 'San Francisco, CA 94118']}",+14152219165,(415) 221-9165,3572.509097327443
89lcibUju_4PqUrZ10w71w,bacon-dog-cart-san-francisco,Bacon Dog Cart,https://s3-media3.fl.yelpcdn.com/bphoto/yADQHKjG-MTMVF5uZfThSA/o.jpg,False,https://www.yelp.com/biz/bacon-dog-cart-san-francisco?adjust_creative=oF0wYNbUon_I50ZE1mafbg&utm_campaign=yelp_api_v3&utm_medium=api_v3_business_search&utm_source=oF0wYNbUon_I50ZE1mafbg,454,"[{'alias': 'hotdog', 'title': 'Hot Dogs'}, {'alias': 'streetvendors', 'title': 'Street Vendors'}]",4.5,"{'latitude': 37.7554733041052, 'longitude': -122.414786294893}",[],$,"{'address1': 'The Mission', 'address2': '', 'address3': '', 'city': 'San Francisco', 'zip_code': '94110', 'country': 'US', 'state': 'CA', 'display_address': ['The Mission', 'San Francisco, CA 94110']}",,,1997.5238064831742
bLa9Jm04dPersyUN7LFrvw,pho-2000-san-francisco,Pho 2000,https://s3-media1.fl.yelpcdn.com/bphoto/2LnTtM7Fnx9tYyV7Rw04WA/o.jpg,False,https://www.yelp.com/biz/pho-2000-san-francisco?adjust_creative=oF0wYNbUon_I50ZE1mafbg&utm_campaign=yelp_api_v3&utm_medium=api_v3_business_search&utm_source=oF0wYNbUon_I50ZE1mafbg,743,"[{'alias': 'vietnamese', 'title': 'Vietnamese'}, {'alias': 'noodles', 'title': 'Noodles'}]",4.0,"{'latitude': 37.78388, 'longitude': -122.41787}",[],$,"{'address1': '637 Larkin St', 'address2': '', 'address3': '', 'city': 'San Francisco', 'zip_code': '94109', 'country': 'US', 'state': 'CA', 'display_address': ['637 Larkin St', 'San Francisco, CA 94109']}",+14154741188,(415) 474-1188,3032.968390626513
AdupguljIIejtEOnExddkQ,tanguito-san-francisco,Tanguito,https://s3-media1.fl.yelpcdn.com/bphoto/OIBGrZ1k9Q1Eyn4f0yL5cA/o.jpg,False,https://www.yelp.com/biz/tanguito-san-francisco?adjust_creative=oF0wYNbUon_I50ZE1mafbg&utm_campaign=yelp_api_v3&utm_medium=api_v3_business_search&utm_source=oF0wYNbUon_I50ZE1mafbg,583,"[{'alias': 'argentine', 'title': 'Argentine'}, {'alias': 'burgers', 'title': 'Burgers'}, {'alias': 'empanadas', 'title': 'Empanadas'}]",4.0,"{'latitude': 37.807614, 'longitude': -122.417203}",[],$,"{'address1': '2850 Jones St', 'address2': '', 'address3': '', 'city': 'San Francisco', 'zip_code': '94133', 'country': 'US', 'state': 'CA', 'display_address': ['2850 Jones St', 'San Francisco, CA 94133']}",+14155774223,(415) 577-4223,5462.790762851678
ntct3hvX_ona00m1BC0Xtw,mission-cheese-san-francisco,Mission Cheese,https://s3-media3.fl.yelpcdn.com/bphoto/B4velDXFFBOV870GnXhmwQ/o.jpg,False,https://www.yelp.com/biz/mission-cheese-san-francisco?adjust_creative=oF0wYNbUon_I50ZE1mafbg&utm_campaign=yelp_api_v3&utm_medium=api_v3_business_search&utm_source=oF0wYNbUon_I50ZE1mafbg,547,"[{'alias': 'cheese', 'title': 'Cheese Shops'}, {'alias': 'wine_bars', 'title': 'Wine Bars'}, {'alias': 'sandwiches', 'title': 'Sandwiches'}]",4.0,"{'latitude': 37.76113, 'longitude': -122.42184}",[],$$,"{'address1': '736 Valencia St', 'address2': '', 'address3': '', 'city': 'San Francisco', 'zip_code': '94110', 'country': 'US', 'state': 'CA', 'display_address': ['736 Valencia St', 'San Francisco, CA 94110']}",+14155538667,(415) 553-8667,1286.29234903252
GjIO1jUDyaRwV0nS7WfQ7Q,bellota-san-francisco,Bellota,https://s3-media3.fl.yelpcdn.com/bphoto/Im0rT7Tu3F9lFW0E9EkWbQ/o.jpg,False,https://www.yelp.com/biz/bellota-san-francisco?adjust_creative=oF0wYNbUon_I50ZE1mafbg&utm_campaign=yelp_api_v3&utm_medium=api_v3_business_search&utm_source=oF0wYNbUon_I50ZE1mafbg,580,"[{'alias': 'spanish', 'title': 'Spanish'}, {'alias': 'seafood', 'title': 'Seafood'}, {'alias': 'tapas', 'title': 'Tapas Bars'}]",4.0,"{'latitude': 37.772, 'longitude': -122.40526}",[],$$$,"{'address1': '888 Brannan St', 'address2': None, 'address3': None, 'city': 'San Francisco', 'zip_code': '94103', 'country': 'US', 'state': 'CA', 'display_address': ['888 Brannan St', 'San Francisco, CA 94103']}",+14154306580,(415) 430-6580,3022.413005035873
yGEc-cj9Quk5mUh7maoPXA,freddies-sandwiches-san-francisco,Freddie's Sandwiches,https://s3-media2.fl.yelpcdn.com/bphoto/VQmHeYHeZHd5LNL5Fjb3-g/o.jpg,False,https://www.yelp.com/biz/freddies-sandwiches-san-francisco?adjust_creative=oF0wYNbUon_I50ZE1mafbg&utm_campaign=yelp_api_v3&utm_medium=api_v3_business_search&utm_source=oF0wYNbUon_I50ZE1mafbg,465,"[{'alias': 'sandwiches', 'title': 'Sandwiches'}]",4.5,"{'latitude': 37.8052368164062, 'longitude': -122.410316467285}","['delivery', 'pickup']",$,"{'address1': '300 Francisco St', 'address2': '', 'address3': '', 'city': 'San Francisco', 'zip_code': '94133', 'country': 'US', 'state': 'CA', 'display_address': ['300 Francisco St', 'San Francisco, CA 94133']}",+14154332882,(415) 433-2882,5438.841870880116
CR5_3AHC-CqySDwOrynxWA,super-duper-burgers-san-francisco-5,Super Duper Burgers,https://s3-media4.fl.yelpcdn.com/bphoto/qk9bMwSFSCCGujyF-3J1FA/o.jpg,False,https://www.yelp.com/biz/super-duper-burgers-san-francisco-5?adjust_creative=oF0wYNbUon_I50ZE1mafbg&utm_campaign=yelp_api_v3&utm_medium=api_v3_business_search&utm_source=oF0wYNbUon_I50ZE1mafbg,850,"[{'alias': 'burgers', 'title': 'Burgers'}, {'alias': 'tradamerican', 'title': 'American (Traditional)'}]",4.0,"{'latitude': 37.800234, 'longitude': -122.439718836513}",[],$$,"{'address1': '2201 Chestnut St', 'address2': '', 'address3': '', 'city': 'San Francisco', 'zip_code': '94123', 'country': 'US', 'state': 'CA', 'display_address': ['2201 Chestnut St', 'San Francisco, CA 94123']}",+14159316258,(415) 931-6258,4383.245058816839
cZ1D-Cb2uyDJXik2nFiN0w,tú-lan-san-francisco-4,Tú Lan,https://s3-media1.fl.yelpcdn.com/bphoto/PZ4iz4ynlgQ7NPQyWcP2JA/o.jpg,False,https://www.yelp.com/biz/t%C3%BA-lan-san-francisco-4?adjust_creative=oF0wYNbUon_I50ZE1mafbg&utm_campaign=yelp_api_v3&utm_medium=api_v3_business_search&utm_source=oF0wYNbUon_I50ZE1mafbg,746,"[{'alias': 'vietnamese', 'title': 'Vietnamese'}, {'alias': 'seafood', 'title': 'Seafood'}, {'alias': 'noodles', 'title': 'Noodles'}]",4.0,"{'latitude': 37.7818811498491, 'longitude': -122.410135446503}",[],$,"{'address1': '8 6th St', 'address2': '', 'address3': '', 'city': 'San Francisco', 'zip_code': '94103', 'country': 'US', 'state': 'CA', 'display_address': ['8 6th St', 'San Francisco, CA 94103']}",+14156260927,(415) 626-0927,3285.0611131472106
aZ_YuxbdMB_ViExPkiXTbg,osha-thai-san-francisco-3,Osha Thai,https://s3-media1.fl.yelpcdn.com/bphoto/LjkL3mIpqwXpyS7XcxiJRw/o.jpg,False,https://www.yelp.com/biz/osha-thai-san-francisco-3?adjust_creative=oF0wYNbUon_I50ZE1mafbg&utm_campaign=yelp_api_v3&utm_medium=api_v3_business_search&utm_source=oF0wYNbUon_I50ZE1mafbg,2324,"[{'alias': 'thai', 'title': 'Thai'}, {'alias': 'asianfusion', 'title': 'Asian Fusion'}]",3.5,"{'latitude': 37.7951796166604, 'longitude': -122.395804684962}","['pickup', 'restaurant_reservation']",$$,"{'address1': '4 Embarcadero Ctr', 'address2': '', 'address3': '', 'city': 'San Francisco', 'zip_code': '94111', 'country': 'US', 'state': 'CA', 'display_address': ['4 Embarcadero Ctr', 'San Francisco, CA 94111']}",+14157886742,(415) 788-6742,5223.843676360597
1bvordoxuK59aoPrOQpA7g,lucca-delicatessen-san-francisco,Lucca Delicatessen,https://s3-media3.fl.yelpcdn.com/bphoto/IMxxnS3k-WE5LniKwY0GTA/o.jpg,False,https://www.yelp.com/biz/lucca-delicatessen-san-francisco?adjust_creative=oF0wYNbUon_I50ZE1mafbg&utm_campaign=yelp_api_v3&utm_medium=api_v3_business_search&utm_source=oF0wYNbUon_I50ZE1mafbg,627,"[{'alias': 'delis', 'title': 'Delis'}, {'alias': 'sandwiches', 'title': 'Sandwiches'}, {'alias': 'cheese', 'title': 'Cheese Shops'}]",4.0,"{'latitude': 37.80065, 'longitude': -122.43836}",['pickup'],$$,"{'address1': '2120 Chestnut St', 'address2': '', 'address3': '', 'city': 'San Francisco', 'zip_code': '94123', 'country': 'US', 'state': 'CA', 'display_address': ['2120 Chestnut St', 'San Francisco, CA 94123']}",+14159217873,(415) 921-7873,4427.844209937797
msn4HQum3OTOgJ7fXH-74Q,rooh-san-francisco,ROOH,https://s3-media1.fl.yelpcdn.com/bphoto/Aqx54zQGy-4usrESxqEfdA/o.jpg,False,https://www.yelp.com/biz/rooh-san-francisco?adjust_creative=oF0wYNbUon_I50ZE1mafbg&utm_campaign=yelp_api_v3&utm_medium=api_v3_business_search&utm_source=oF0wYNbUon_I50ZE1mafbg,664,"[{'alias': 'indpak', 'title': 'Indian'}, {'alias': 'cocktailbars', 'title': 'Cocktail Bars'}]",4.0,"{'latitude': 37.7813044077209, 'longitude': -122.392686848497}",['restaurant_reservation'],$$$,"{'address1': '333 Brannan St', 'address2': 'Ste 150', 'address3': '', 'city': 'San Francisco', 'zip_code': '94107', 'country': 'US', 'state': 'CA', 'display_address': ['333 Brannan St', 'Ste 150', 'San Francisco, CA 94107']}",+14155254174,(415) 525-4174,4465.68326822531
tkLC24zVhWLCCFQp3NCKMw,alegrias-san-francisco,Alegrias,https://s3-media3.fl.yelpcdn.com/bphoto/39neA9Ct6ArFw4e8olA9pQ/o.jpg,False,https://www.yelp.com/biz/alegrias-san-francisco?adjust_creative=oF0wYNbUon_I50ZE1mafbg&utm_campaign=yelp_api_v3&utm_medium=api_v3_business_search&utm_source=oF0wYNbUon_I50ZE1mafbg,762,"[{'alias': 'spanish', 'title': 'Spanish'}, {'alias': 'tapas', 'title': 'Tapas Bars'}]",4.0,"{'latitude': 37.80027, 'longitude': -122.43481}",['restaurant_reservation'],$$,"{'address1': '2018 Lombard St', 'address2': '', 'address3': '', 'city': 'San Francisco', 'zip_code': '94123', 'country': 'US', 'state': 'CA', 'display_address': ['2018 Lombard St', 'San Francisco, CA 94123']}",+14159298888,(415) 929-8888,4372.924398146248
DhCJ7D47swvT5DdsC0PCGQ,street-taco-san-francisco,Street Taco,https://s3-media2.fl.yelpcdn.com/bphoto/a_Ksy7b9z5eSWZ9sxiH3Iw/o.jpg,False,https://www.yelp.com/biz/street-taco-san-francisco?adjust_creative=oF0wYNbUon_I50ZE1mafbg&utm_campaign=yelp_api_v3&utm_medium=api_v3_business_search&utm_source=oF0wYNbUon_I50ZE1mafbg,570,"[{'alias': 'mexican', 'title': 'Mexican'}]",4.0,"{'latitude': 37.7696105177356, 'longitude': -122.448901621221}",[],$,"{'address1': '1607 Haight St', 'address2': '', 'address3': '', 'city': 'San Francisco', 'zip_code': '94117', 'country': 'US', 'state': 'CA', 'display_address': ['1607 Haight St', 'San Francisco, CA 94117']}",+14155254435,(415) 525-4435,1461.7760969842288
8bySDwY9OU-DWaZebUR7vg,roccos-café-san-francisco-3,Rocco's Café,https://s3-media4.fl.yelpcdn.com/bphoto/ZUGZqVh2HKrEBqFMecZhDg/o.jpg,False,https://www.yelp.com/biz/roccos-caf%C3%A9-san-francisco-3?adjust_creative=oF0wYNbUon_I50ZE1mafbg&utm_campaign=yelp_api_v3&utm_medium=api_v3_business_search&utm_source=oF0wYNbUon_I50ZE1mafbg,961,"[{'alias': 'italian', 'title': 'Italian'}, {'alias': 'tradamerican', 'title': 'American (Traditional)'}, {'alias': 'breakfast_brunch', 'title': 'Breakfast & Brunch'}]",4.0,"{'latitude': 37.7759552001953, 'longitude': -122.40845489502}","['delivery', 'pickup', 'restaurant_reservation']",$$,"{'address1': '1131 Folsom St', 'address2': '', 'address3': '', 'city': 'San Francisco', 'zip_code': '94103', 'country': 'US', 'state': 'CA', 'display_address': ['1131 Folsom St', 'San Francisco, CA 94103']}",+14155540522,(415) 554-0522,2976.8890608284028
14OmmSWHfM717iZo5jePtg,olea-san-francisco,Olea,https://s3-media4.fl.yelpcdn.com/bphoto/2v0SQUJkYpKteoNoV-h4OQ/o.jpg,False,https://www.yelp.com/biz/olea-san-francisco?adjust_creative=oF0wYNbUon_I50ZE1mafbg&utm_campaign=yelp_api_v3&utm_medium=api_v3_business_search&utm_source=oF0wYNbUon_I50ZE1mafbg,917,"[{'alias': 'newamerican', 'title': 'American (New)'}]",4.0,"{'latitude': 37.79093, 'longitude': -122.4189313}",[],$$,"{'address1': '1494 California St', 'address2': '', 'address3': '', 'city': 'San Francisco', 'zip_code': '94109', 'country': 'US', 'state': 'CA', 'display_address': ['1494 California St', 'San Francisco, CA 94109']}",+14152028521,(415) 202-8521,3677.0264589435888
VlNE3m59v836-t3V4ZaOWQ,memphis-minnies-san-francisco,Memphis Minnie's,https://s3-media3.fl.yelpcdn.com/bphoto/QHav4GlGEb5riKuC8wh0xQ/o.jpg,False,https://www.yelp.com/biz/memphis-minnies-san-francisco?adjust_creative=oF0wYNbUon_I50ZE1mafbg&utm_campaign=yelp_api_v3&utm_medium=api_v3_business_search&utm_source=oF0wYNbUon_I50ZE1mafbg,1568,"[{'alias': 'bbq', 'title': 'Barbeque'}]",3.5,"{'latitude': 37.77218, 'longitude': -122.43169}",['delivery'],$$,"{'address1': '576 Haight St', 'address2': '', 'address3': '', 'city': 'San Francisco', 'zip_code': '94117', 'country': 'US', 'state': 'CA', 'display_address': ['576 Haight St', 'San Francisco, CA 94117']}",+14158647675,(415) 864-7675,1317.098488896905
QajaCa7rYHgaQ5TvZD6M-A,54-mint-ristorante-italiano-san-francisco-2,54 Mint - Ristorante Italiano,https://s3-media1.fl.yelpcdn.com/bphoto/ZaxDipkegQzz79kFbl5Vjg/o.jpg,False,https://www.yelp.com/biz/54-mint-ristorante-italiano-san-francisco-2?adjust_creative=oF0wYNbUon_I50ZE1mafbg&utm_campaign=yelp_api_v3&utm_medium=api_v3_business_search&utm_source=oF0wYNbUon_I50ZE1mafbg,1132,"[{'alias': 'italian', 'title': 'Italian'}, {'alias': 'diners', 'title': 'Diners'}, {'alias': 'cocktailbars', 'title': 'Cocktail Bars'}]",4.0,"{'latitude': 37.7826100091309, 'longitude': -122.407934829024}",[],$$$,"{'address1': '16 Mint Plz', 'address2': '', 'address3': '', 'city': 'San Francisco', 'zip_code': '94103', 'country': 'US', 'state': 'CA', 'display_address': ['16 Mint Plz', 'San Francisco, CA 94103']}",+14155435100,(415) 543-5100,3479.7074000459443
1pq5mmp71nXWBK_jG9VxHg,golden-star-vietnamese-restaurant-san-francisco,Golden Star Vietnamese Restaurant,https://s3-media4.fl.yelpcdn.com/bphoto/QgvShVfwMkstAabub2-Mag/o.jpg,False,https://www.yelp.com/biz/golden-star-vietnamese-restaurant-san-francisco?adjust_creative=oF0wYNbUon_I50ZE1mafbg&utm_campaign=yelp_api_v3&utm_medium=api_v3_business_search&utm_source=oF0wYNbUon_I50ZE1mafbg,1211,"[{'alias': 'vietnamese', 'title': 'Vietnamese'}, {'alias': 'noodles', 'title': 'Noodles'}]",3.5,"{'latitude': 37.7945505827665, 'longitude': -122.405742555857}",[],$,"{'address1': '11 Walter U Lum Pl', 'address2': '', 'address3': '', 'city': 'San Francisco', 'zip_code': '94108', 'country': 'US', 'state': 'CA', 'display_address': ['11 Walter U Lum Pl', 'San Francisco, CA 94108']}",+14153981215,(415) 398-1215,4608.988775513826
pgPxVAuijQ5Zwq5QKzWifA,abv-san-francisco-2,ABV,https://s3-media4.fl.yelpcdn.com/bphoto/sSAcBTLcg2FictZpSnoXww/o.jpg,False,https://www.yelp.com/biz/abv-san-francisco-2?adjust_creative=oF0wYNbUon_I50ZE1mafbg&utm_campaign=yelp_api_v3&utm_medium=api_v3_business_search&utm_source=oF0wYNbUon_I50ZE1mafbg,571,"[{'alias': 'cocktailbars', 'title': 'Cocktail Bars'}, {'alias': 'newamerican', 'title': 'American (New)'}]",4.0,"{'latitude': 37.7650569, 'longitude': -122.4236097}",[],$$,"{'address1': '3174 16th St', 'address2': '', 'address3': '', 'city': 'San Francisco', 'zip_code': '94103', 'country': 'US', 'state': 'CA', 'display_address': ['3174 16th St', 'San Francisco, CA 94103']}",+14154004748,(415) 400-4748,1219.498478448429
qfdWWJCMvoTKI8u7rshm_Q,tempest-san-francisco,Tempest,https://s3-media2.fl.yelpcdn.com/bphoto/dfvlqtumoZJ-rSid9ixeIQ/o.jpg,False,https://www.yelp.com/biz/tempest-san-francisco?adjust_creative=oF0wYNbUon_I50ZE1mafbg&utm_campaign=yelp_api_v3&utm_medium=api_v3_business_search&utm_source=oF0wYNbUon_I50ZE1mafbg,721,"[{'alias': 'tradamerican', 'title': 'American (Traditional)'}, {'alias': 'divebars', 'title': 'Dive Bars'}, {'alias': 'sportsbars', 'title': 'Sports Bars'}]",4.0,"{'latitude': 37.7812215727578, 'longitude': -122.40627989109}",['pickup'],$,"{'address1': '431 Natoma St', 'address2': '', 'address3': '', 'city': 'San Francisco', 'zip_code': '94103', 'country': 'US', 'state': 'CA', 'display_address': ['431 Natoma St', 'San Francisco, CA 94103']}",+14154951863,(415) 495-1863,3483.8408547123454
RJjuozKTsgwPNa429tnxbg,the-cheese-steak-shop-san-francisco,The Cheese Steak Shop,https://s3-media1.fl.yelpcdn.com/bphoto/JYdp8P9mVUUzGIqk1XW2rQ/o.jpg,False,https://www.yelp.com/biz/the-cheese-steak-shop-san-francisco?adjust_creative=oF0wYNbUon_I50ZE1mafbg&utm_campaign=yelp_api_v3&utm_medium=api_v3_business_search&utm_source=oF0wYNbUon_I50ZE1mafbg,898,"[{'alias': 'sandwiches', 'title': 'Sandwiches'}, {'alias': 'cheesesteaks', 'title': 'Cheesesteaks'}]",4.0,"{'latitude': 37.78558, 'longitude': -122.43963}","['delivery', 'pickup']",$$,"{'address1': '1716 Divisadero St', 'address2': '', 'address3': '', 'city': 'San Francisco', 'zip_code': '94115', 'country': 'US', 'state': 'CA', 'display_address': ['1716 Divisadero St', 'San Francisco, CA 94115']}",+14153463712,(415) 346-3712,2756.590642753267
e3WDNQMYpLdMEmM2UV13rA,a16-san-francisco-4,A16,https://s3-media3.fl.yelpcdn.com/bphoto/jpc4FYxnZEJzI55Hg0pFNg/o.jpg,False,https://www.yelp.com/biz/a16-san-francisco-4?adjust_creative=oF0wYNbUon_I50ZE1mafbg&utm_campaign=yelp_api_v3&utm_medium=api_v3_business_search&utm_source=oF0wYNbUon_I50ZE1mafbg,1959,"[{'alias': 'italian', 'title': 'Italian'}, {'alias': 'pizza', 'title': 'Pizza'}]",3.5,"{'latitude': 37.7997932434082, 'longitude': -122.442054748535}",[],$$$,"{'address1': '2355 Chestnut St', 'address2': '', 'address3': '', 'city': 'San Francisco', 'zip_code': '94123', 'country': 'US', 'state': 'CA', 'display_address': ['2355 Chestnut St', 'San Francisco, CA 94123']}",+14157712216,(415) 771-2216,4352.782988041339
M53h93nLRlBsoXmi19jCBQ,paprika-san-francisco,Paprika,https://s3-media1.fl.yelpcdn.com/bphoto/CekaT3i0UdK0UIdBomHshA/o.jpg,False,https://www.yelp.com/biz/paprika-san-francisco?adjust_creative=oF0wYNbUon_I50ZE1mafbg&utm_campaign=yelp_api_v3&utm_medium=api_v3_business_search&utm_source=oF0wYNbUon_I50ZE1mafbg,391,"[{'alias': 'czech', 'title': 'Czech'}, {'alias': 'german', 'title': 'German'}, {'alias': 'hungarian', 'title': 'Hungarian'}]",4.5,"{'latitude': 37.752362, 'longitude': -122.419099}","['delivery', 'pickup', 'restaurant_reservation']",$$,"{'address1': '3324 24th St', 'address2': '', 'address3': '', 'city': 'San Francisco', 'zip_code': '94110', 'country': 'US', 'state': 'CA', 'display_address': ['3324 24th St', 'San Francisco, CA 94110']}",+14153751477,(415) 375-1477,1796.438985883157
TV6jm9XQ4TA2DWD9n2vBbw,maven-san-francisco,Maven,https://s3-media4.fl.yelpcdn.com/bphoto/r8KbGAaDBi4Hj45Tfm7wPQ/o.jpg,False,https://www.yelp.com/biz/maven-san-francisco?adjust_creative=oF0wYNbUon_I50ZE1mafbg&utm_campaign=yelp_api_v3&utm_medium=api_v3_business_search&utm_source=oF0wYNbUon_I50ZE1mafbg,679,"[{'alias': 'newamerican', 'title': 'American (New)'}, {'alias': 'gastropubs', 'title': 'Gastropubs'}, {'alias': 'cocktailbars', 'title': 'Cocktail Bars'}]",4.0,"{'latitude': 37.7720561411384, 'longitude': -122.431929123925}",[],$$,"{'address1': '598 Haight St', 'address2': '', 'address3': '', 'city': 'San Francisco', 'zip_code': '94117', 'country': 'US', 'state': 'CA', 'display_address': ['598 Haight St', 'San Francisco, CA 94117']}",+14158297982,(415) 829-7982,1302.5896192013001
dO2SzJmsckHFkk_gmasNKw,azucar-lounge-san-francisco-4,Azucar Lounge,https://s3-media2.fl.yelpcdn.com/bphoto/19xr4p3lb4_JoDtNyIeNjQ/o.jpg,False,https://www.yelp.com/biz/azucar-lounge-san-francisco-4?adjust_creative=oF0wYNbUon_I50ZE1mafbg&utm_campaign=yelp_api_v3&utm_medium=api_v3_business_search&utm_source=oF0wYNbUon_I50ZE1mafbg,643,"[{'alias': 'lounges', 'title': 'Lounges'}, {'alias': 'mexican', 'title': 'Mexican'}, {'alias': 'venues', 'title': 'Venues & Event Spaces'}]",4.0,"{'latitude': 37.77392, 'longitude': -122.411618}",['restaurant_reservation'],$$,"{'address1': '299 9th St', 'address2': '', 'address3': '', 'city': 'San Francisco', 'zip_code': '94103', 'country': 'US', 'state': 'CA', 'display_address': ['299 9th St', 'San Francisco, CA 94103']}",+14152552982,(415) 255-2982,2619.047254654862
bYWDU1zI7LmIitVz8fl3RA,upcider-san-francisco,Upcider,https://s3-media1.fl.yelpcdn.com/bphoto/sMU0RLYnDqfTISHDTjVpHA/o.jpg,False,https://www.yelp.com/biz/upcider-san-francisco?adjust_creative=oF0wYNbUon_I50ZE1mafbg&utm_campaign=yelp_api_v3&utm_medium=api_v3_business_search&utm_source=oF0wYNbUon_I50ZE1mafbg,589,"[{'alias': 'gastropubs', 'title': 'Gastropubs'}, {'alias': 'cideries', 'title': 'Cideries'}]",4.0,"{'latitude': 37.7876998366257, 'longitude': -122.419924736023}",[],$$,"{'address1': '1160 Polk St', 'address2': 'Fl 2', 'address3': '', 'city': 'San Francisco', 'zip_code': '94109', 'country': 'US', 'state': 'CA', 'display_address': ['1160 Polk St', 'Fl 2', 'San Francisco, CA 94109']}",+14159665730,(415) 966-5730,3315.064583002724
1hZO9SO0wXsx3CeeECfNng,enjoy-vegetarian-restaurant-san-francisco-3,Enjoy Vegetarian Restaurant,https://s3-media4.fl.yelpcdn.com/bphoto/u9bipycPwqrB-UGzH0UXGQ/o.jpg,False,https://www.yelp.com/biz/enjoy-vegetarian-restaurant-san-francisco-3?adjust_creative=oF0wYNbUon_I50ZE1mafbg&utm_campaign=yelp_api_v3&utm_medium=api_v3_business_search&utm_source=oF0wYNbUon_I50ZE1mafbg,518,"[{'alias': 'vegetarian', 'title': 'Vegetarian'}, {'alias': 'chinese', 'title': 'Chinese'}]",4.0,"{'latitude': 37.760425567627, 'longitude': -122.469100952148}","['delivery', 'pickup']",$$,"{'address1': '754 Kirkham St', 'address2': '', 'address3': '', 'city': 'San Francisco', 'zip_code': '94122', 'country': 'US', 'state': 'CA', 'display_address': ['754 Kirkham St', 'San Francisco, CA 94122']}",+14156820826,(415) 682-0826,2873.6918981279177
vAIHU9GjFLSquh4VkFLIhg,ty-sandwich-san-francisco,Ty Sandwich,https://s3-media2.fl.yelpcdn.com/bphoto/xJHQe5tr7yhFOJm2otHrog/o.jpg,False,https://www.yelp.com/biz/ty-sandwich-san-francisco?adjust_creative=oF0wYNbUon_I50ZE1mafbg&utm_campaign=yelp_api_v3&utm_medium=api_v3_business_search&utm_source=oF0wYNbUon_I50ZE1mafbg,392,"[{'alias': 'sandwiches', 'title': 'Sandwiches'}, {'alias': 'bubbletea', 'title': 'Bubble Tea'}]",4.5,"{'latitude': 37.720911, 'longitude': -122.4374776}",['pickup'],$,"{'address1': '4829 Mission St', 'address2': '', 'address3': '', 'city': 'San Francisco', 'zip_code': '94112', 'country': 'US', 'state': 'CA', 'display_address': ['4829 Mission St', 'San Francisco, CA 94112']}",+14153337242,(415) 333-7242,4435.014764983965
vsNXAscvm-FIU423Cy874w,osha-thai-restaurant-san-francisco-9,Osha Thai Restaurant,https://s3-media1.fl.yelpcdn.com/bphoto/GWZo9e5kz8i4aI_TS8J_HA/o.jpg,False,https://www.yelp.com/biz/osha-thai-restaurant-san-francisco-9?adjust_creative=oF0wYNbUon_I50ZE1mafbg&utm_campaign=yelp_api_v3&utm_medium=api_v3_business_search&utm_source=oF0wYNbUon_I50ZE1mafbg,1633,"[{'alias': 'thai', 'title': 'Thai'}]",3.5,"{'latitude': 37.786752, 'longitude': -122.414714}","['delivery', 'pickup', 'restaurant_reservation']",$$,"{'address1': '696 Geary St', 'address2': '', 'address3': '', 'city': 'San Francisco', 'zip_code': '94102', 'country': 'US', 'state': 'CA', 'display_address': ['696 Geary St', 'San Francisco, CA 94102']}",+14156732368,(415) 673-2368,3450.858471120345
